{"text": "2025-06-02T15:11:40.373915+0700 INFO Method \"Solve\" has called from  |  ipv4:127.0.0.1:41908\n{\n    \"expression\": \"3+2\"\n}\n", "record": {"elapsed": {"repr": "12:54:14.246588", "seconds": 46454.246588}, "exception": null, "extra": {}, "file": {"name": "service_math_solve.py", "path": "/home/usov/myprojects/EyeMath/SERVICE_MATH_SOLVE/service_math_solve.py"}, "function": "_logrequest", "level": {"icon": "ℹ️", "name": "INFO", "no": 20}, "line": 135, "message": "Method \"Solve\" has called from  |  ipv4:127.0.0.1:41908\n{\n    \"expression\": \"3+2\"\n}", "module": "service_math_solve", "name": "__main__", "process": {"id": 675150, "name": "MainProcess"}, "thread": {"id": 132808794150592, "name": "ThreadPoolExecutor-0_0"}, "time": {"repr": "2025-06-02 15:11:40.373915+07:00", "timestamp": 1748851900.373915}}}
{"text": "2025-06-02T15:11:40.393297+0700 DEBUG Checking if 2 + 3 is an equation...\n", "record": {"elapsed": {"repr": "12:54:14.265970", "seconds": 46454.26597}, "exception": null, "extra": {}, "file": {"name": "service_math_solve.py", "path": "/home/usov/myprojects/EyeMath/SERVICE_MATH_SOLVE/service_math_solve.py"}, "function": "_is_equation", "level": {"icon": "🐞", "name": "DEBUG", "no": 10}, "line": 99, "message": "Checking if 2 + 3 is an equation...", "module": "service_math_solve", "name": "__main__", "process": {"id": 675150, "name": "MainProcess"}, "thread": {"id": 132808794150592, "name": "ThreadPoolExecutor-0_0"}, "time": {"repr": "2025-06-02 15:11:40.393297+07:00", "timestamp": 1748851900.393297}}}
{"text": "2025-06-02T15:11:40.393654+0700 DEBUG 2 + 3 is not an equation.\n", "record": {"elapsed": {"repr": "12:54:14.266327", "seconds": 46454.266327}, "exception": null, "extra": {}, "file": {"name": "service_math_solve.py", "path": "/home/usov/myprojects/EyeMath/SERVICE_MATH_SOLVE/service_math_solve.py"}, "function": "_is_equation", "level": {"icon": "🐞", "name": "DEBUG", "no": 10}, "line": 106, "message": "2 + 3 is not an equation.", "module": "service_math_solve", "name": "__main__", "process": {"id": 675150, "name": "MainProcess"}, "thread": {"id": 132808794150592, "name": "ThreadPoolExecutor-0_0"}, "time": {"repr": "2025-06-02 15:11:40.393654+07:00", "timestamp": 1748851900.393654}}}
{"text": "2025-06-02T20:43:04.367552+0700 INFO gRPC сервер запущен на 0.0.0.0:8001\n", "record": {"elapsed": {"repr": "0:00:00.456597", "seconds": 0.456597}, "exception": null, "extra": {}, "file": {"name": "service_math_solve.py", "path": "/home/usov/myprojects/EyeMath/SERVICE_MATH_SOLVE/service_math_solve.py"}, "function": "RUN_MATH_SOLVE_SERVICE", "level": {"icon": "ℹ️", "name": "INFO", "no": 20}, "line": 207, "message": "gRPC сервер запущен на 0.0.0.0:8001", "module": "service_math_solve", "name": "__main__", "process": {"id": 709330, "name": "MainProcess"}, "thread": {"id": 126226357342336, "name": "MainThread"}, "time": {"repr": "2025-06-02 20:43:04.367552+07:00", "timestamp": 1748871784.367552}}}
{"text": "2025-06-02T20:43:16.078457+0700 INFO gRPC сервер запущен на 0.0.0.0:8001\n", "record": {"elapsed": {"repr": "0:00:00.251103", "seconds": 0.251103}, "exception": null, "extra": {}, "file": {"name": "service_math_solve.py", "path": "/home/usov/myprojects/EyeMath/SERVICE_MATH_SOLVE/service_math_solve.py"}, "function": "RUN_MATH_SOLVE_SERVICE", "level": {"icon": "ℹ️", "name": "INFO", "no": 20}, "line": 207, "message": "gRPC сервер запущен на 0.0.0.0:8001", "module": "service_math_solve", "name": "__main__", "process": {"id": 709458, "name": "MainProcess"}, "thread": {"id": 127481203273856, "name": "MainThread"}, "time": {"repr": "2025-06-02 20:43:16.078457+07:00", "timestamp": 1748871796.078457}}}
{"text": "2025-06-02T20:43:29.008537+0700 INFO Method \"Solve\" has called from  |  ipv4:127.0.0.1:52976\n{\n    \"expression\": \"4^5\"\n}\n", "record": {"elapsed": {"repr": "0:00:13.181183", "seconds": 13.181183}, "exception": null, "extra": {}, "file": {"name": "service_math_solve.py", "path": "/home/usov/myprojects/EyeMath/SERVICE_MATH_SOLVE/service_math_solve.py"}, "function": "_logrequest", "level": {"icon": "ℹ️", "name": "INFO", "no": 20}, "line": 135, "message": "Method \"Solve\" has called from  |  ipv4:127.0.0.1:52976\n{\n    \"expression\": \"4^5\"\n}", "module": "service_math_solve", "name": "__main__", "process": {"id": 709458, "name": "MainProcess"}, "thread": {"id": 127480048375488, "name": "ThreadPoolExecutor-0_0"}, "time": {"repr": "2025-06-02 20:43:29.008537+07:00", "timestamp": 1748871809.008537}}}
{"text": "2025-06-02T20:43:29.025269+0700 DEBUG Checking if 4**5 is an equation...\n", "record": {"elapsed": {"repr": "0:00:13.197915", "seconds": 13.197915}, "exception": null, "extra": {}, "file": {"name": "service_math_solve.py", "path": "/home/usov/myprojects/EyeMath/SERVICE_MATH_SOLVE/service_math_solve.py"}, "function": "_is_equation", "level": {"icon": "🐞", "name": "DEBUG", "no": 10}, "line": 99, "message": "Checking if 4**5 is an equation...", "module": "service_math_solve", "name": "__main__", "process": {"id": 709458, "name": "MainProcess"}, "thread": {"id": 127480048375488, "name": "ThreadPoolExecutor-0_0"}, "time": {"repr": "2025-06-02 20:43:29.025269+07:00", "timestamp": 1748871809.025269}}}
{"text": "2025-06-02T20:43:29.025754+0700 DEBUG 4**5 is not an equation.\n", "record": {"elapsed": {"repr": "0:00:13.198400", "seconds": 13.1984}, "exception": null, "extra": {}, "file": {"name": "service_math_solve.py", "path": "/home/usov/myprojects/EyeMath/SERVICE_MATH_SOLVE/service_math_solve.py"}, "function": "_is_equation", "level": {"icon": "🐞", "name": "DEBUG", "no": 10}, "line": 106, "message": "4**5 is not an equation.", "module": "service_math_solve", "name": "__main__", "process": {"id": 709458, "name": "MainProcess"}, "thread": {"id": 127480048375488, "name": "ThreadPoolExecutor-0_0"}, "time": {"repr": "2025-06-02 20:43:29.025754+07:00", "timestamp": 1748871809.025754}}}
{"text": "2025-06-02T20:43:32.560691+0700 INFO Method \"Metadata\" has called from  |  ipv4:127.0.0.1:52976\n{}\n", "record": {"elapsed": {"repr": "0:00:16.733337", "seconds": 16.733337}, "exception": null, "extra": {}, "file": {"name": "service_math_solve.py", "path": "/home/usov/myprojects/EyeMath/SERVICE_MATH_SOLVE/service_math_solve.py"}, "function": "_logrequest", "level": {"icon": "ℹ️", "name": "INFO", "no": 20}, "line": 135, "message": "Method \"Metadata\" has called from  |  ipv4:127.0.0.1:52976\n{}", "module": "service_math_solve", "name": "__main__", "process": {"id": 709458, "name": "MainProcess"}, "thread": {"id": 127480048375488, "name": "ThreadPoolExecutor-0_0"}, "time": {"repr": "2025-06-02 20:43:32.560691+07:00", "timestamp": 1748871812.560691}}}
{"text": "2025-06-02T20:45:05.843125+0700 INFO gRPC сервер запущен на 0.0.0.0:8001\n", "record": {"elapsed": {"repr": "0:00:00.263369", "seconds": 0.263369}, "exception": null, "extra": {}, "file": {"name": "service_math_solve.py", "path": "/home/usov/myprojects/EyeMath/SERVICE_MATH_SOLVE/service_math_solve.py"}, "function": "RUN_MATH_SOLVE_SERVICE", "level": {"icon": "ℹ️", "name": "INFO", "no": 20}, "line": 207, "message": "gRPC сервер запущен на 0.0.0.0:8001", "module": "service_math_solve", "name": "__main__", "process": {"id": 709782, "name": "MainProcess"}, "thread": {"id": 133735686586496, "name": "MainThread"}, "time": {"repr": "2025-06-02 20:45:05.843125+07:00", "timestamp": 1748871905.843125}}}
{"text": "2025-06-02T20:45:10.753701+0700 INFO Method \"Metadata\" has called from  |  ipv4:127.0.0.1:49482\n{}\n", "record": {"elapsed": {"repr": "0:00:05.173945", "seconds": 5.173945}, "exception": null, "extra": {}, "file": {"name": "service_math_solve.py", "path": "/home/usov/myprojects/EyeMath/SERVICE_MATH_SOLVE/service_math_solve.py"}, "function": "_logrequest", "level": {"icon": "ℹ️", "name": "INFO", "no": 20}, "line": 135, "message": "Method \"Metadata\" has called from  |  ipv4:127.0.0.1:49482\n{}", "module": "service_math_solve", "name": "__main__", "process": {"id": 709782, "name": "MainProcess"}, "thread": {"id": 133734133130944, "name": "ThreadPoolExecutor-0_0"}, "time": {"repr": "2025-06-02 20:45:10.753701+07:00", "timestamp": 1748871910.753701}}}
{"text": "2025-06-02T20:45:17.733471+0700 INFO Method \"Solve\" has called from  |  ipv4:127.0.0.1:49482\n{\n    \"expression\": \"4^5\"\n}\n", "record": {"elapsed": {"repr": "0:00:12.153715", "seconds": 12.153715}, "exception": null, "extra": {}, "file": {"name": "service_math_solve.py", "path": "/home/usov/myprojects/EyeMath/SERVICE_MATH_SOLVE/service_math_solve.py"}, "function": "_logrequest", "level": {"icon": "ℹ️", "name": "INFO", "no": 20}, "line": 135, "message": "Method \"Solve\" has called from  |  ipv4:127.0.0.1:49482\n{\n    \"expression\": \"4^5\"\n}", "module": "service_math_solve", "name": "__main__", "process": {"id": 709782, "name": "MainProcess"}, "thread": {"id": 133734133130944, "name": "ThreadPoolExecutor-0_0"}, "time": {"repr": "2025-06-02 20:45:17.733471+07:00", "timestamp": 1748871917.733471}}}
{"text": "2025-06-02T20:45:17.750319+0700 DEBUG Checking if 4**5 is an equation...\n", "record": {"elapsed": {"repr": "0:00:12.170563", "seconds": 12.170563}, "exception": null, "extra": {}, "file": {"name": "service_math_solve.py", "path": "/home/usov/myprojects/EyeMath/SERVICE_MATH_SOLVE/service_math_solve.py"}, "function": "_is_equation", "level": {"icon": "🐞", "name": "DEBUG", "no": 10}, "line": 99, "message": "Checking if 4**5 is an equation...", "module": "service_math_solve", "name": "__main__", "process": {"id": 709782, "name": "MainProcess"}, "thread": {"id": 133734133130944, "name": "ThreadPoolExecutor-0_0"}, "time": {"repr": "2025-06-02 20:45:17.750319+07:00", "timestamp": 1748871917.750319}}}
{"text": "2025-06-02T20:45:17.750873+0700 DEBUG 4**5 is not an equation.\n", "record": {"elapsed": {"repr": "0:00:12.171117", "seconds": 12.171117}, "exception": null, "extra": {}, "file": {"name": "service_math_solve.py", "path": "/home/usov/myprojects/EyeMath/SERVICE_MATH_SOLVE/service_math_solve.py"}, "function": "_is_equation", "level": {"icon": "🐞", "name": "DEBUG", "no": 10}, "line": 106, "message": "4**5 is not an equation.", "module": "service_math_solve", "name": "__main__", "process": {"id": 709782, "name": "MainProcess"}, "thread": {"id": 133734133130944, "name": "ThreadPoolExecutor-0_0"}, "time": {"repr": "2025-06-02 20:45:17.750873+07:00", "timestamp": 1748871917.750873}}}
{"text": "2025-06-02T22:23:48.367228+0700 INFO gRPC сервер запущен на 0.0.0.0:8001\n", "record": {"elapsed": {"repr": "0:00:00.408272", "seconds": 0.408272}, "exception": null, "extra": {}, "file": {"name": "service_math_solve.py", "path": "/home/usov/myprojects/EyeMath/SERVICE_MATH_SOLVE/service_math_solve.py"}, "function": "RUN_MATH_SOLVE_SERVICE", "level": {"icon": "ℹ️", "name": "INFO", "no": 20}, "line": 208, "message": "gRPC сервер запущен на 0.0.0.0:8001", "module": "service_math_solve", "name": "__main__", "process": {"id": 733129, "name": "MainProcess"}, "thread": {"id": 126900987748480, "name": "MainThread"}, "time": {"repr": "2025-06-02 22:23:48.367228+07:00", "timestamp": 1748877828.367228}}}
{"text": "2025-06-02T22:37:08.570533+0700 INFO gRPC сервер запущен на 0.0.0.0:8001\n", "record": {"elapsed": {"repr": "0:00:00.327307", "seconds": 0.327307}, "exception": null, "extra": {}, "file": {"name": "service_math_solve.py", "path": "/home/usov/myprojects/EyeMath/SERVICE_MATH_SOLVE/service_math_solve.py"}, "function": "RUN_MATH_SOLVE_SERVICE", "level": {"icon": "ℹ️", "name": "INFO", "no": 20}, "line": 208, "message": "gRPC сервер запущен на 0.0.0.0:8001", "module": "service_math_solve", "name": "__main__", "process": {"id": 741629, "name": "MainProcess"}, "thread": {"id": 133080531902592, "name": "MainThread"}, "time": {"repr": "2025-06-02 22:37:08.570533+07:00", "timestamp": 1748878628.570533}}}
{"text": "2025-06-02T22:52:52.997084+0700 INFO gRPC сервер запущен на 0.0.0.0:8001\n", "record": {"elapsed": {"repr": "0:00:00.436848", "seconds": 0.436848}, "exception": null, "extra": {}, "file": {"name": "service_math_solve.py", "path": "/home/usov/myprojects/EyeMath/SERVICE_MATH_SOLVE/service_math_solve.py"}, "function": "RUN_MATH_SOLVE_SERVICE", "level": {"icon": "ℹ️", "name": "INFO", "no": 20}, "line": 208, "message": "gRPC сервер запущен на 0.0.0.0:8001", "module": "service_math_solve", "name": "__main__", "process": {"id": 752646, "name": "MainProcess"}, "thread": {"id": 132345892208768, "name": "MainThread"}, "time": {"repr": "2025-06-02 22:52:52.997084+07:00", "timestamp": 1748879572.997084}}}
{"text": "2025-06-02T22:52:57.630875+0700 INFO Method \"Metadata\" has called from  |  ipv4:127.0.0.1:47102\n{}\n", "record": {"elapsed": {"repr": "0:00:05.070639", "seconds": 5.070639}, "exception": null, "extra": {}, "file": {"name": "service_math_solve.py", "path": "/home/usov/myprojects/EyeMath/SERVICE_MATH_SOLVE/service_math_solve.py"}, "function": "_logrequest", "level": {"icon": "ℹ️", "name": "INFO", "no": 20}, "line": 136, "message": "Method \"Metadata\" has called from  |  ipv4:127.0.0.1:47102\n{}", "module": "service_math_solve", "name": "__main__", "process": {"id": 752646, "name": "MainProcess"}, "thread": {"id": 132344610531008, "name": "ThreadPoolExecutor-0_0"}, "time": {"repr": "2025-06-02 22:52:57.630875+07:00", "timestamp": 1748879577.630875}}}
{"text": "2025-06-02T22:53:00.491105+0700 INFO Method \"Solve\" has called from  |  ipv4:127.0.0.1:47102\n{\n    \"expression\": \"4^5\"\n}\n", "record": {"elapsed": {"repr": "0:00:07.930869", "seconds": 7.930869}, "exception": null, "extra": {}, "file": {"name": "service_math_solve.py", "path": "/home/usov/myprojects/EyeMath/SERVICE_MATH_SOLVE/service_math_solve.py"}, "function": "_logrequest", "level": {"icon": "ℹ️", "name": "INFO", "no": 20}, "line": 136, "message": "Method \"Solve\" has called from  |  ipv4:127.0.0.1:47102\n{\n    \"expression\": \"4^5\"\n}", "module": "service_math_solve", "name": "__main__", "process": {"id": 752646, "name": "MainProcess"}, "thread": {"id": 132344610531008, "name": "ThreadPoolExecutor-0_0"}, "time": {"repr": "2025-06-02 22:53:00.491105+07:00", "timestamp": 1748879580.491105}}}
{"text": "2025-06-02T22:53:00.509368+0700 DEBUG Checking if 4**5 is an equation...\n", "record": {"elapsed": {"repr": "0:00:07.949132", "seconds": 7.949132}, "exception": null, "extra": {}, "file": {"name": "service_math_solve.py", "path": "/home/usov/myprojects/EyeMath/SERVICE_MATH_SOLVE/service_math_solve.py"}, "function": "_is_equation", "level": {"icon": "🐞", "name": "DEBUG", "no": 10}, "line": 100, "message": "Checking if 4**5 is an equation...", "module": "service_math_solve", "name": "__main__", "process": {"id": 752646, "name": "MainProcess"}, "thread": {"id": 132344610531008, "name": "ThreadPoolExecutor-0_0"}, "time": {"repr": "2025-06-02 22:53:00.509368+07:00", "timestamp": 1748879580.509368}}}
{"text": "2025-06-02T22:53:00.509637+0700 DEBUG 4**5 is not an equation.\n", "record": {"elapsed": {"repr": "0:00:07.949401", "seconds": 7.949401}, "exception": null, "extra": {}, "file": {"name": "service_math_solve.py", "path": "/home/usov/myprojects/EyeMath/SERVICE_MATH_SOLVE/service_math_solve.py"}, "function": "_is_equation", "level": {"icon": "🐞", "name": "DEBUG", "no": 10}, "line": 107, "message": "4**5 is not an equation.", "module": "service_math_solve", "name": "__main__", "process": {"id": 752646, "name": "MainProcess"}, "thread": {"id": 132344610531008, "name": "ThreadPoolExecutor-0_0"}, "time": {"repr": "2025-06-02 22:53:00.509637+07:00", "timestamp": 1748879580.509637}}}
{"text": "2025-06-02T23:26:03.096014+0700 INFO gRPC сервер запущен на 0.0.0.0:8001\n", "record": {"elapsed": {"repr": "0:00:00.306916", "seconds": 0.306916}, "exception": null, "extra": {}, "file": {"name": "service_math_solve.py", "path": "/home/usov/myprojects/EyeMath/SERVICE_MATH_SOLVE/service_math_solve.py"}, "function": "RUN_MATH_SOLVE_SERVICE", "level": {"icon": "ℹ️", "name": "INFO", "no": 20}, "line": 208, "message": "gRPC сервер запущен на 0.0.0.0:8001", "module": "service_math_solve", "name": "__main__", "process": {"id": 767678, "name": "MainProcess"}, "thread": {"id": 132163916230784, "name": "MainThread"}, "time": {"repr": "2025-06-02 23:26:03.096014+07:00", "timestamp": 1748881563.096014}}}
{"text": "2025-06-02T23:26:05.675855+0700 INFO Method \"Solve\" has called from  |  ipv4:127.0.0.1:40406\n{\n    \"expression\": \"3+2\"\n}\n", "record": {"elapsed": {"repr": "0:00:02.886757", "seconds": 2.886757}, "exception": null, "extra": {}, "file": {"name": "service_math_solve.py", "path": "/home/usov/myprojects/EyeMath/SERVICE_MATH_SOLVE/service_math_solve.py"}, "function": "_logrequest", "level": {"icon": "ℹ️", "name": "INFO", "no": 20}, "line": 136, "message": "Method \"Solve\" has called from  |  ipv4:127.0.0.1:40406\n{\n    \"expression\": \"3+2\"\n}", "module": "service_math_solve", "name": "__main__", "process": {"id": 767678, "name": "MainProcess"}, "thread": {"id": 132162577753792, "name": "ThreadPoolExecutor-0_0"}, "time": {"repr": "2025-06-02 23:26:05.675855+07:00", "timestamp": 1748881565.675855}}}
{"text": "2025-06-02T23:26:05.689966+0700 DEBUG Checking if 2 + 3 is an equation...\n", "record": {"elapsed": {"repr": "0:00:02.900868", "seconds": 2.900868}, "exception": null, "extra": {}, "file": {"name": "service_math_solve.py", "path": "/home/usov/myprojects/EyeMath/SERVICE_MATH_SOLVE/service_math_solve.py"}, "function": "_is_equation", "level": {"icon": "🐞", "name": "DEBUG", "no": 10}, "line": 100, "message": "Checking if 2 + 3 is an equation...", "module": "service_math_solve", "name": "__main__", "process": {"id": 767678, "name": "MainProcess"}, "thread": {"id": 132162577753792, "name": "ThreadPoolExecutor-0_0"}, "time": {"repr": "2025-06-02 23:26:05.689966+07:00", "timestamp": 1748881565.689966}}}
{"text": "2025-06-02T23:26:05.690390+0700 DEBUG 2 + 3 is not an equation.\n", "record": {"elapsed": {"repr": "0:00:02.901292", "seconds": 2.901292}, "exception": null, "extra": {}, "file": {"name": "service_math_solve.py", "path": "/home/usov/myprojects/EyeMath/SERVICE_MATH_SOLVE/service_math_solve.py"}, "function": "_is_equation", "level": {"icon": "🐞", "name": "DEBUG", "no": 10}, "line": 107, "message": "2 + 3 is not an equation.", "module": "service_math_solve", "name": "__main__", "process": {"id": 767678, "name": "MainProcess"}, "thread": {"id": 132162577753792, "name": "ThreadPoolExecutor-0_0"}, "time": {"repr": "2025-06-02 23:26:05.690390+07:00", "timestamp": 1748881565.69039}}}
{"text": "2025-06-02T23:52:32.543339+0700 INFO gRPC сервер запущен на 0.0.0.0:8001\n", "record": {"elapsed": {"repr": "0:00:00.401379", "seconds": 0.401379}, "exception": null, "extra": {}, "file": {"name": "service_math_solve.py", "path": "/home/usov/myprojects/EyeMath/SERVICE_MATH_SOLVE/service_math_solve.py"}, "function": "RUN_MATH_SOLVE_SERVICE", "level": {"icon": "ℹ️", "name": "INFO", "no": 20}, "line": 208, "message": "gRPC сервер запущен на 0.0.0.0:8001", "module": "service_math_solve", "name": "__main__", "process": {"id": 777169, "name": "MainProcess"}, "thread": {"id": 130543225098368, "name": "MainThread"}, "time": {"repr": "2025-06-02 23:52:32.543339+07:00", "timestamp": 1748883152.543339}}}
{"text": "2025-06-02T23:52:39.500355+0700 INFO Method \"Solve\" has called from  |  ipv4:127.0.0.1:34230\n{\n    \"expression\": \"3+2\"\n}\n", "record": {"elapsed": {"repr": "0:00:07.358395", "seconds": 7.358395}, "exception": null, "extra": {}, "file": {"name": "service_math_solve.py", "path": "/home/usov/myprojects/EyeMath/SERVICE_MATH_SOLVE/service_math_solve.py"}, "function": "_logrequest", "level": {"icon": "ℹ️", "name": "INFO", "no": 20}, "line": 136, "message": "Method \"Solve\" has called from  |  ipv4:127.0.0.1:34230\n{\n    \"expression\": \"3+2\"\n}", "module": "service_math_solve", "name": "__main__", "process": {"id": 777169, "name": "MainProcess"}, "thread": {"id": 130541873510080, "name": "ThreadPoolExecutor-0_0"}, "time": {"repr": "2025-06-02 23:52:39.500355+07:00", "timestamp": 1748883159.500355}}}
{"text": "2025-06-02T23:52:39.514164+0700 DEBUG Checking if 2 + 3 is an equation...\n", "record": {"elapsed": {"repr": "0:00:07.372204", "seconds": 7.372204}, "exception": null, "extra": {}, "file": {"name": "service_math_solve.py", "path": "/home/usov/myprojects/EyeMath/SERVICE_MATH_SOLVE/service_math_solve.py"}, "function": "_is_equation", "level": {"icon": "🐞", "name": "DEBUG", "no": 10}, "line": 100, "message": "Checking if 2 + 3 is an equation...", "module": "service_math_solve", "name": "__main__", "process": {"id": 777169, "name": "MainProcess"}, "thread": {"id": 130541873510080, "name": "ThreadPoolExecutor-0_0"}, "time": {"repr": "2025-06-02 23:52:39.514164+07:00", "timestamp": 1748883159.514164}}}
{"text": "2025-06-02T23:52:39.514543+0700 DEBUG 2 + 3 is not an equation.\n", "record": {"elapsed": {"repr": "0:00:07.372583", "seconds": 7.372583}, "exception": null, "extra": {}, "file": {"name": "service_math_solve.py", "path": "/home/usov/myprojects/EyeMath/SERVICE_MATH_SOLVE/service_math_solve.py"}, "function": "_is_equation", "level": {"icon": "🐞", "name": "DEBUG", "no": 10}, "line": 107, "message": "2 + 3 is not an equation.", "module": "service_math_solve", "name": "__main__", "process": {"id": 777169, "name": "MainProcess"}, "thread": {"id": 130541873510080, "name": "ThreadPoolExecutor-0_0"}, "time": {"repr": "2025-06-02 23:52:39.514543+07:00", "timestamp": 1748883159.514543}}}
{"text": "2025-06-02T23:52:41.736527+0700 INFO Method \"Metadata\" has called from  |  ipv4:127.0.0.1:34236\n{}\n", "record": {"elapsed": {"repr": "0:00:09.594567", "seconds": 9.594567}, "exception": null, "extra": {}, "file": {"name": "service_math_solve.py", "path": "/home/usov/myprojects/EyeMath/SERVICE_MATH_SOLVE/service_math_solve.py"}, "function": "_logrequest", "level": {"icon": "ℹ️", "name": "INFO", "no": 20}, "line": 136, "message": "Method \"Metadata\" has called from  |  ipv4:127.0.0.1:34236\n{}", "module": "service_math_solve", "name": "__main__", "process": {"id": 777169, "name": "MainProcess"}, "thread": {"id": 130541873510080, "name": "ThreadPoolExecutor-0_0"}, "time": {"repr": "2025-06-02 23:52:41.736527+07:00", "timestamp": 1748883161.736527}}}
{"text": "2025-06-02T23:52:43.981455+0700 INFO Method \"Solve\" has called from  |  ipv4:127.0.0.1:34236\n{\n    \"expression\": \"4^5\"\n}\n", "record": {"elapsed": {"repr": "0:00:11.839495", "seconds": 11.839495}, "exception": null, "extra": {}, "file": {"name": "service_math_solve.py", "path": "/home/usov/myprojects/EyeMath/SERVICE_MATH_SOLVE/service_math_solve.py"}, "function": "_logrequest", "level": {"icon": "ℹ️", "name": "INFO", "no": 20}, "line": 136, "message": "Method \"Solve\" has called from  |  ipv4:127.0.0.1:34236\n{\n    \"expression\": \"4^5\"\n}", "module": "service_math_solve", "name": "__main__", "process": {"id": 777169, "name": "MainProcess"}, "thread": {"id": 130541873510080, "name": "ThreadPoolExecutor-0_0"}, "time": {"repr": "2025-06-02 23:52:43.981455+07:00", "timestamp": 1748883163.981455}}}
{"text": "2025-06-02T23:52:43.997437+0700 DEBUG Checking if 4**5 is an equation...\n", "record": {"elapsed": {"repr": "0:00:11.855477", "seconds": 11.855477}, "exception": null, "extra": {}, "file": {"name": "service_math_solve.py", "path": "/home/usov/myprojects/EyeMath/SERVICE_MATH_SOLVE/service_math_solve.py"}, "function": "_is_equation", "level": {"icon": "🐞", "name": "DEBUG", "no": 10}, "line": 100, "message": "Checking if 4**5 is an equation...", "module": "service_math_solve", "name": "__main__", "process": {"id": 777169, "name": "MainProcess"}, "thread": {"id": 130541873510080, "name": "ThreadPoolExecutor-0_0"}, "time": {"repr": "2025-06-02 23:52:43.997437+07:00", "timestamp": 1748883163.997437}}}
{"text": "2025-06-02T23:52:43.997744+0700 DEBUG 4**5 is not an equation.\n", "record": {"elapsed": {"repr": "0:00:11.855784", "seconds": 11.855784}, "exception": null, "extra": {}, "file": {"name": "service_math_solve.py", "path": "/home/usov/myprojects/EyeMath/SERVICE_MATH_SOLVE/service_math_solve.py"}, "function": "_is_equation", "level": {"icon": "🐞", "name": "DEBUG", "no": 10}, "line": 107, "message": "4**5 is not an equation.", "module": "service_math_solve", "name": "__main__", "process": {"id": 777169, "name": "MainProcess"}, "thread": {"id": 130541873510080, "name": "ThreadPoolExecutor-0_0"}, "time": {"repr": "2025-06-02 23:52:43.997744+07:00", "timestamp": 1748883163.997744}}}
{"text": "2025-06-03T00:19:31.147154+0700 INFO gRPC сервер запущен на 0.0.0.0:8001\n", "record": {"elapsed": {"repr": "0:00:00.293874", "seconds": 0.293874}, "exception": null, "extra": {}, "file": {"name": "service_math_solve.py", "path": "/home/usov/myprojects/EyeMath/SERVICE_MATH_SOLVE/service_math_solve.py"}, "function": "RUN_MATH_SOLVE_SERVICE", "level": {"icon": "ℹ️", "name": "INFO", "no": 20}, "line": 208, "message": "gRPC сервер запущен на 0.0.0.0:8001", "module": "service_math_solve", "name": "__main__", "process": {"id": 794827, "name": "MainProcess"}, "thread": {"id": 139099550302336, "name": "MainThread"}, "time": {"repr": "2025-06-03 00:19:31.147154+07:00", "timestamp": 1748884771.147154}}}
{"text": "2025-06-03T00:19:35.165338+0700 INFO Method \"Solve\" has called from  |  ipv4:127.0.0.1:58828\n{\n    \"expression\": \"3+2\"\n}\n", "record": {"elapsed": {"repr": "0:00:04.312058", "seconds": 4.312058}, "exception": null, "extra": {}, "file": {"name": "service_math_solve.py", "path": "/home/usov/myprojects/EyeMath/SERVICE_MATH_SOLVE/service_math_solve.py"}, "function": "_logrequest", "level": {"icon": "ℹ️", "name": "INFO", "no": 20}, "line": 136, "message": "Method \"Solve\" has called from  |  ipv4:127.0.0.1:58828\n{\n    \"expression\": \"3+2\"\n}", "module": "service_math_solve", "name": "__main__", "process": {"id": 794827, "name": "MainProcess"}, "thread": {"id": 139098136237760, "name": "ThreadPoolExecutor-0_0"}, "time": {"repr": "2025-06-03 00:19:35.165338+07:00", "timestamp": 1748884775.165338}}}
{"text": "2025-06-03T00:19:35.183900+0700 DEBUG Checking if 2 + 3 is an equation...\n", "record": {"elapsed": {"repr": "0:00:04.330620", "seconds": 4.33062}, "exception": null, "extra": {}, "file": {"name": "service_math_solve.py", "path": "/home/usov/myprojects/EyeMath/SERVICE_MATH_SOLVE/service_math_solve.py"}, "function": "_is_equation", "level": {"icon": "🐞", "name": "DEBUG", "no": 10}, "line": 100, "message": "Checking if 2 + 3 is an equation...", "module": "service_math_solve", "name": "__main__", "process": {"id": 794827, "name": "MainProcess"}, "thread": {"id": 139098136237760, "name": "ThreadPoolExecutor-0_0"}, "time": {"repr": "2025-06-03 00:19:35.183900+07:00", "timestamp": 1748884775.1839}}}
{"text": "2025-06-03T00:19:35.184272+0700 DEBUG 2 + 3 is not an equation.\n", "record": {"elapsed": {"repr": "0:00:04.330992", "seconds": 4.330992}, "exception": null, "extra": {}, "file": {"name": "service_math_solve.py", "path": "/home/usov/myprojects/EyeMath/SERVICE_MATH_SOLVE/service_math_solve.py"}, "function": "_is_equation", "level": {"icon": "🐞", "name": "DEBUG", "no": 10}, "line": 107, "message": "2 + 3 is not an equation.", "module": "service_math_solve", "name": "__main__", "process": {"id": 794827, "name": "MainProcess"}, "thread": {"id": 139098136237760, "name": "ThreadPoolExecutor-0_0"}, "time": {"repr": "2025-06-03 00:19:35.184272+07:00", "timestamp": 1748884775.184272}}}
